FECHA;DIA SEMANA;TIPO ACCIDENTE;Tipo Vehiculo;TIPO PERSONA;SEXO
01/01/2017;DOMINGO;CHOQUE CON OBJETO FIJO;BICICLETA;CONDUCTOR;MUJER
02/01/2017;LUNES;CAIDA BICICLETA ;BICICLETA;CONDUCTOR;HOMBRE
03/01/2017;MARTES;CAIDA BICICLETA ;BICICLETA;CONDUCTOR;HOMBRE
04/01/2017;MIERCOLES;CAIDA BICICLETA ;BICICLETA;CONDUCTOR;HOMBRE
05/01/2017;JUEVES;CAIDA BICICLETA ;BICICLETA;CONDUCTOR;HOMBRE
05/01/2017;JUEVES;CAIDA BICICLETA ;BICICLETA;CONDUCTOR;HOMBRE
05/01/2017;JUEVES;ATROPELLO;BICICLETA;CONDUCTOR;HOMBRE
05/01/2017;JUEVES;CAIDA BICICLETA ;BICICLETA;CONDUCTOR;HOMBRE
06/01/2017;VIERNES;COLISION DOBLE;BICICLETA;CONDUCTOR;HOMBRE
06/01/2017;VIERNES;COLISION DOBLE;BICICLETA;CONDUCTOR;HOMBRE
07/01/2017;SABADO;CAIDA BICICLETA ;BICICLETA;CONDUCTOR;MUJER
07/01/2017;SABADO;COLISION DOBLE;BICICLETA;CONDUCTOR;HOMBRE
07/01/2017;SABADO;CAIDA BICICLETA ;BICICLETA;CONDUCTOR;HOMBRE
08/01/2017;DOMINGO;CAIDA BICICLETA ;BICICLETA;CONDUCTOR;HOMBRE
08/01/2017;DOMINGO;CAIDA BICICLETA ;BICICLETA;CONDUCTOR;MUJER
09/01/2017;LUNES;CAIDA BICICLETA ;BICICLETA;CONDUCTOR;MUJER
09/01/2017;LUNES;COLISION DOBLE;BICICLETA;CONDUCTOR;HOMBRE
09/01/2017;LUNES;COLISION DOBLE;BICICLETA;CONDUCTOR;HOMBRE
10/01/2017;MARTES;CAIDA BICICLETA ;BICICLETA;CONDUCTOR;HOMBRE
10/01/2017;MARTES;CAIDA BICICLETA ;BICICLETA;CONDUCTOR;HOMBRE
10/01/2017;MARTES;CAIDA BICICLETA ;BICICLETA;CONDUCTOR;HOMBRE
12/01/2017;JUEVES;COLISION DOBLE;BICICLETA;CONDUCTOR;MUJER
12/01/2017;JUEVES;COLISION DOBLE;BICICLETA;CONDUCTOR;MUJER
12/01/2017;JUEVES;COLISION DOBLE;BICICLETA;CONDUCTOR;NO ASIGNADO
12/01/2017;JUEVES;CAIDA MOTOCICLETA ;BICICLETA;CONDUCTOR;HOMBRE
13/01/2017;VIERNES;COLISION DOBLE;BICICLETA;CONDUCTOR;HOMBRE
13/01/2017;VIERNES;CAIDA BICICLETA ;BICICLETA;CONDUCTOR;MUJER
15/01/2017;DOMINGO;ATROPELLO;BICICLETA;CONDUCTOR;HOMBRE
19/01/2017;JUEVES;CAIDA BICICLETA ;BICICLETA;CONDUCTOR;HOMBRE
19/01/2017;JUEVES;COLISION DOBLE;BICICLETA;CONDUCTOR;HOMBRE
20/01/2017;VIERNES;CAIDA BICICLETA ;BICICLETA;CONDUCTOR;HOMBRE
20/01/2017;VIERNES;COLISION DOBLE;BICICLETA;CONDUCTOR;HOMBRE
21/01/2017;SABADO;ATROPELLO;BICICLETA;CONDUCTOR;HOMBRE
21/01/2017;SABADO;CAIDA BICICLETA ;BICICLETA;CONDUCTOR;HOMBRE
22/01/2017;DOMINGO;CAIDA BICICLETA ;BICICLETA;CONDUCTOR;HOMBRE
24/01/2017;MARTES;COLISION DOBLE;BICICLETA;CONDUCTOR;HOMBRE
24/01/2017;MARTES;CAIDA BICICLETA ;BICICLETA;CONDUCTOR;HOMBRE
25/01/2017;MIERCOLES;CAIDA BICICLETA ;BICICLETA;CONDUCTOR;HOMBRE
25/01/2017;MIERCOLES;CHOQUE CON OBJETO FIJO;BICICLETA;CONDUCTOR;MUJER
26/01/2017;JUEVES;COLISION DOBLE;BICICLETA;CONDUCTOR;HOMBRE
26/01/2017;JUEVES;COLISION DOBLE;BICICLETA;CONDUCTOR;HOMBRE
27/01/2017;VIERNES;COLISION DOBLE;BICICLETA;CONDUCTOR;HOMBRE
29/01/2017;DOMINGO;CAIDA BICICLETA ;BICICLETA;CONDUCTOR;HOMBRE
31/01/2017;MARTES;COLISION DOBLE;BICICLETA;CONDUCTOR;HOMBRE
31/01/2017;MARTES;CAIDA BICICLETA ;BICICLETA;CONDUCTOR;MUJER
01/02/2017;MIERCOLES;CAIDA BICICLETA ;BICICLETA;CONDUCTOR;HOMBRE
02/02/2017;JUEVES;CAIDA BICICLETA ;BICICLETA;CONDUCTOR;HOMBRE
02/02/2017;JUEVES;CAIDA BICICLETA ;BICICLETA;CONDUCTOR;MUJER
02/02/2017;JUEVES;COLISION DOBLE;BICICLETA;CONDUCTOR;MUJER
03/02/2017;VIERNES;COLISION DOBLE;BICICLETA;CONDUCTOR;HOMBRE
03/02/2017;VIERNES;COLISION DOBLE;BICICLETA;CONDUCTOR;HOMBRE
03/02/2017;VIERNES;CAIDA BICICLETA ;BICICLETA;CONDUCTOR;HOMBRE
04/02/2017;SABADO;CAIDA BICICLETA ;BICICLETA;CONDUCTOR;HOMBRE
04/02/2017;SABADO;COLISION DOBLE;BICICLETA;CONDUCTOR;HOMBRE
05/02/2017;DOMINGO;CAIDA BICICLETA ;BICICLETA;CONDUCTOR;HOMBRE
06/02/2017;LUNES;COLISION DOBLE;BICICLETA;CONDUCTOR;HOMBRE
07/02/2017;MARTES;CAIDA BICICLETA ;BICICLETA;CONDUCTOR;HOMBRE
07/02/2017;MARTES;CHOQUE CON OBJETO FIJO;BICICLETA;CONDUCTOR;MUJER
07/02/2017;MARTES;CHOQUE CON OBJETO FIJO;BICICLETA;CONDUCTOR;HOMBRE
08/02/2017;MIERCOLES;COLISION DOBLE;BICICLETA;CONDUCTOR;HOMBRE
09/02/2017;JUEVES;CAIDA BICICLETA ;BICICLETA;CONDUCTOR;HOMBRE
10/02/2017;VIERNES;CAIDA BICICLETA ;BICICLETA;CONDUCTOR;MUJER
10/02/2017;VIERNES;COLISION DOBLE;BICICLETA;CONDUCTOR;MUJER
10/02/2017;VIERNES;COLISION DOBLE;BICICLETA;CONDUCTOR;MUJER
12/02/2017;DOMINGO;COLISION DOBLE;BICICLETA;CONDUCTOR;HOMBRE
13/02/2017;LUNES;CAIDA BICICLETA ;BICICLETA;CONDUCTOR;HOMBRE
14/02/2017;MARTES;COLISION DOBLE;BICICLETA;CONDUCTOR;HOMBRE
14/02/2017;MARTES;COLISION DOBLE;BICICLETA;CONDUCTOR;HOMBRE
14/02/2017;MARTES;CAIDA BICICLETA ;BICICLETA;CONDUCTOR;HOMBRE
14/02/2017;MARTES;COLISION DOBLE;BICICLETA;CONDUCTOR;HOMBRE
15/02/2017;MIERCOLES;CAIDA BICICLETA ;BICICLETA;CONDUCTOR;HOMBRE
15/02/2017;MIERCOLES;COLISION DOBLE;BICICLETA;CONDUCTOR;HOMBRE
16/02/2017;JUEVES;COLISION DOBLE;BICICLETA;CONDUCTOR;HOMBRE
16/02/2017;JUEVES;COLISION DOBLE;BICICLETA;CONDUCTOR;MUJER
17/02/2017;VIERNES;COLISION DOBLE;BICICLETA;CONDUCTOR;HOMBRE
18/02/2017;SABADO;COLISION DOBLE;BICICLETA;CONDUCTOR;HOMBRE
18/02/2017;SABADO;CAIDA BICICLETA ;BICICLETA;CONDUCTOR;HOMBRE
19/02/2017;DOMINGO;ATROPELLO;BICICLETA;CONDUCTOR;HOMBRE
19/02/2017;DOMINGO;CAIDA BICICLETA ;BICICLETA;CONDUCTOR;HOMBRE
19/02/2017;DOMINGO;COLISION DOBLE;BICICLETA;CONDUCTOR;HOMBRE
20/02/2017;LUNES;COLISION DOBLE;BICICLETA;CONDUCTOR;HOMBRE
22/02/2017;MIERCOLES;COLISION DOBLE;BICICLETA;CONDUCTOR;HOMBRE
24/02/2017;VIERNES;COLISION DOBLE;BICICLETA;CONDUCTOR;HOMBRE
25/02/2017;SABADO;COLISION DOBLE;BICICLETA;CONDUCTOR;HOMBRE
25/02/2017;SABADO;ATROPELLO;BICICLETA;CONDUCTOR;HOMBRE
25/02/2017;SABADO;CAIDA BICICLETA ;BICICLETA;CONDUCTOR;HOMBRE
25/02/2017;SABADO;CHOQUE CON OBJETO FIJO;BICICLETA;CONDUCTOR;MUJER
27/02/2017;LUNES;COLISION DOBLE;BICICLETA;CONDUCTOR;HOMBRE
28/02/2017;MARTES;CAIDA BICICLETA ;BICICLETA;CONDUCTOR;HOMBRE
28/02/2017;MARTES;COLISION DOBLE;BICICLETA;CONDUCTOR;HOMBRE
28/02/2017;MARTES;CAIDA BICICLETA ;BICICLETA;CONDUCTOR;HOMBRE
28/02/2017;MARTES;CAIDA BICICLETA ;BICICLETA;CONDUCTOR;HOMBRE
28/02/2017;MARTES;COLISION DOBLE;BICICLETA;CONDUCTOR;HOMBRE
28/02/2017;MARTES;CAIDA BICICLETA ;BICICLETA;CONDUCTOR;HOMBRE
01/03/2017;MIERCOLES;CAIDA BICICLETA ;BICICLETA;CONDUCTOR;MUJER
02/03/2017;JUEVES;CAIDA BICICLETA ;BICICLETA;CONDUCTOR;HOMBRE
03/03/2017;VIERNES;CAIDA BICICLETA ;BICICLETA;CONDUCTOR;HOMBRE
03/03/2017;VIERNES;CAIDA BICICLETA ;BICICLETA;CONDUCTOR;HOMBRE
03/03/2017;VIERNES;CAIDA BICICLETA ;BICICLETA;VIAJERO;HOMBRE
05/03/2017;DOMINGO;CAIDA BICICLETA ;BICICLETA;CONDUCTOR;MUJER
06/03/2017;LUNES;COLISION DOBLE;BICICLETA;CONDUCTOR;HOMBRE
07/03/2017;MARTES;COLISION DOBLE;BICICLETA;CONDUCTOR;HOMBRE
07/03/2017;MARTES;CAIDA BICICLETA ;BICICLETA;CONDUCTOR;HOMBRE
07/03/2017;MARTES;CAIDA BICICLETA ;BICICLETA;CONDUCTOR;MUJER
07/03/2017;MARTES;COLISION DOBLE;BICICLETA;CONDUCTOR;HOMBRE
08/03/2017;MIERCOLES;COLISION DOBLE;BICICLETA;CONDUCTOR;HOMBRE
08/03/2017;MIERCOLES;COLISION DOBLE;BICICLETA;CONDUCTOR;HOMBRE
08/03/2017;MIERCOLES;CAIDA BICICLETA ;BICICLETA;CONDUCTOR;HOMBRE
09/03/2017;JUEVES;CAIDA BICICLETA ;BICICLETA;CONDUCTOR;HOMBRE
09/03/2017;JUEVES;COLISION DOBLE;BICICLETA;CONDUCTOR;HOMBRE
09/03/2017;JUEVES;COLISION DOBLE;BICICLETA;CONDUCTOR;HOMBRE
09/03/2017;JUEVES;COLISION DOBLE;BICICLETA;CONDUCTOR;HOMBRE
10/03/2017;VIERNES;COLISION DOBLE;BICICLETA;CONDUCTOR;HOMBRE
10/03/2017;VIERNES;COLISION DOBLE;BICICLETA;VIAJERO;HOMBRE
10/03/2017;VIERNES;COLISION DOBLE;BICICLETA;CONDUCTOR;HOMBRE
10/03/2017;VIERNES;COLISION DOBLE;BICICLETA;CONDUCTOR;HOMBRE
10/03/2017;VIERNES;CAIDA BICICLETA ;BICICLETA;CONDUCTOR;HOMBRE
10/03/2017;VIERNES;CAIDA BICICLETA ;BICICLETA;CONDUCTOR;HOMBRE
10/03/2017;VIERNES;COLISION DOBLE;BICICLETA;CONDUCTOR;HOMBRE
12/03/2017;DOMINGO;COLISION DOBLE;BICICLETA;CONDUCTOR;HOMBRE
13/03/2017;LUNES;COLISION DOBLE;BICICLETA;CONDUCTOR;HOMBRE
14/03/2017;MARTES;COLISION DOBLE;BICICLETA;CONDUCTOR;HOMBRE
14/03/2017;MARTES;CAIDA BICICLETA ;BICICLETA;CONDUCTOR;HOMBRE
15/03/2017;MIERCOLES;COLISION DOBLE;BICICLETA;CONDUCTOR;HOMBRE
15/03/2017;MIERCOLES;ATROPELLO;BICICLETA;CONDUCTOR;HOMBRE
16/03/2017;JUEVES;CAIDA BICICLETA ;BICICLETA;CONDUCTOR;HOMBRE
16/03/2017;JUEVES;COLISION DOBLE;BICICLETA;CONDUCTOR;HOMBRE
17/03/2017;VIERNES;COLISION DOBLE;BICICLETA;CONDUCTOR;HOMBRE
17/03/2017;VIERNES;CAIDA BICICLETA ;BICICLETA;CONDUCTOR;MUJER
17/03/2017;VIERNES;COLISION DOBLE;BICICLETA;CONDUCTOR;HOMBRE
18/03/2017;SABADO;CAIDA BICICLETA ;BICICLETA;CONDUCTOR;HOMBRE
19/03/2017;DOMINGO;CAIDA BICICLETA ;BICICLETA;CONDUCTOR;MUJER
19/03/2017;DOMINGO;ATROPELLO;BICICLETA;CONDUCTOR;MUJER
20/03/2017;LUNES;ATROPELLO;BICICLETA;CONDUCTOR;HOMBRE
20/03/2017;LUNES;COLISION DOBLE;BICICLETA;CONDUCTOR;HOMBRE
20/03/2017;LUNES;ATROPELLO;BICICLETA;CONDUCTOR;HOMBRE
21/03/2017;MARTES;CAIDA BICICLETA ;BICICLETA;CONDUCTOR;HOMBRE
21/03/2017;MARTES;COLISION DOBLE;BICICLETA;CONDUCTOR;HOMBRE
21/03/2017;MARTES;COLISION DOBLE;BICICLETA;CONDUCTOR;MUJER
21/03/2017;MARTES;COLISION DOBLE;BICICLETA;VIAJERO;HOMBRE
21/03/2017;MARTES;COLISION DOBLE;BICICLETA;CONDUCTOR;MUJER
22/03/2017;MIERCOLES;COLISION DOBLE;BICICLETA;CONDUCTOR;MUJER
23/03/2017;JUEVES;COLISION DOBLE;BICICLETA;CONDUCTOR;HOMBRE
23/03/2017;JUEVES;CAIDA BICICLETA ;BICICLETA;CONDUCTOR;HOMBRE
24/03/2017;VIERNES;COLISION DOBLE;BICICLETA;CONDUCTOR;HOMBRE
25/03/2017;SABADO;CAIDA BICICLETA ;BICICLETA;CONDUCTOR;HOMBRE
26/03/2017;DOMINGO;ATROPELLO;BICICLETA;CONDUCTOR;HOMBRE
27/03/2017;LUNES;ATROPELLO;BICICLETA;CONDUCTOR;HOMBRE
28/03/2017;MARTES;COLISION DOBLE;BICICLETA;CONDUCTOR;HOMBRE
29/03/2017;MIERCOLES;COLISION DOBLE;BICICLETA;CONDUCTOR;HOMBRE
30/03/2017;JUEVES;COLISION DOBLE;BICICLETA;CONDUCTOR;HOMBRE
31/03/2017;VIERNES;ATROPELLO;BICICLETA;CONDUCTOR;HOMBRE
31/03/2017;VIERNES;COLISION DOBLE;BICICLETA;CONDUCTOR;MUJER
31/03/2017;VIERNES;COLISION DOBLE;BICICLETA;VIAJERO;HOMBRE
01/04/2017;SABADO;CAIDA BICICLETA ;BICICLETA;CONDUCTOR;HOMBRE
02/04/2017;DOMINGO;COLISION DOBLE;BICICLETA;CONDUCTOR;HOMBRE
02/04/2017;DOMINGO;CAIDA BICICLETA ;BICICLETA;CONDUCTOR;HOMBRE
02/04/2017;DOMINGO;COLISION DOBLE;BICICLETA;CONDUCTOR;MUJER
03/04/2017;LUNES;CAIDA BICICLETA ;BICICLETA;CONDUCTOR;HOMBRE
03/04/2017;LUNES;COLISION DOBLE;BICICLETA;CONDUCTOR;HOMBRE
04/04/2017;MARTES;CAIDA BICICLETA ;BICICLETA;CONDUCTOR;HOMBRE
05/04/2017;MIERCOLES;COLISION DOBLE;BICICLETA;CONDUCTOR;HOMBRE
05/04/2017;MIERCOLES;COLISION DOBLE;BICICLETA;CONDUCTOR;HOMBRE
06/04/2017;JUEVES;COLISION DOBLE;BICICLETA;CONDUCTOR;HOMBRE
06/04/2017;JUEVES;CAIDA BICICLETA ;BICICLETA;CONDUCTOR;HOMBRE
07/04/2017;VIERNES;CAIDA BICICLETA ;BICICLETA;CONDUCTOR;HOMBRE
07/04/2017;VIERNES;CAIDA BICICLETA ;BICICLETA;CONDUCTOR;HOMBRE
07/04/2017;VIERNES;CAIDA BICICLETA ;BICICLETA;CONDUCTOR;HOMBRE
07/04/2017;VIERNES;ATROPELLO;BICICLETA;CONDUCTOR;MUJER
07/04/2017;VIERNES;CHOQUE CON OBJETO FIJO;BICICLETA;CONDUCTOR;HOMBRE
07/04/2017;VIERNES;CAIDA BICICLETA ;BICICLETA;CONDUCTOR;HOMBRE
08/04/2017;SABADO;ATROPELLO;BICICLETA;CONDUCTOR;MUJER
09/04/2017;DOMINGO;CAIDA BICICLETA ;BICICLETA;CONDUCTOR;HOMBRE
09/04/2017;DOMINGO;ATROPELLO;BICICLETA;CONDUCTOR;HOMBRE
09/04/2017;DOMINGO;ATROPELLO;BICICLETA;VIAJERO;MUJER
10/04/2017;LUNES;ATROPELLO;BICICLETA;CONDUCTOR;MUJER
10/04/2017;LUNES;COLISION DOBLE;BICICLETA;CONDUCTOR;HOMBRE
10/04/2017;LUNES;ATROPELLO;BICICLETA;CONDUCTOR;HOMBRE
11/04/2017;MARTES;COLISION DOBLE;BICICLETA;CONDUCTOR;HOMBRE
12/04/2017;MIERCOLES;CAIDA BICICLETA ;BICICLETA;CONDUCTOR;HOMBRE
12/04/2017;MIERCOLES;ATROPELLO;BICICLETA;CONDUCTOR;HOMBRE
12/04/2017;MIERCOLES;CAIDA VIAJERO BUS ;BICICLETA;CONDUCTOR;NO ASIGNADO
13/04/2017;JUEVES;CAIDA BICICLETA ;BICICLETA;CONDUCTOR;HOMBRE
13/04/2017;JUEVES;CAIDA BICICLETA ;BICICLETA;CONDUCTOR;MUJER
13/04/2017;JUEVES;CAIDA BICICLETA ;BICICLETA;CONDUCTOR;HOMBRE
14/04/2017;VIERNES;COLISION DOBLE;BICICLETA;CONDUCTOR;HOMBRE
15/04/2017;SABADO;CAIDA BICICLETA ;BICICLETA;CONDUCTOR;MUJER
15/04/2017;SABADO;COLISION DOBLE;BICICLETA;CONDUCTOR;HOMBRE
15/04/2017;SABADO;ATROPELLO;BICICLETA;CONDUCTOR;HOMBRE
15/04/2017;SABADO;CAIDA BICICLETA ;BICICLETA;CONDUCTOR;HOMBRE
16/04/2017;DOMINGO;COLISION DOBLE;BICICLETA;CONDUCTOR;HOMBRE
17/04/2017;LUNES;CAIDA BICICLETA ;BICICLETA;CONDUCTOR;HOMBRE
20/04/2017;JUEVES;CAIDA BICICLETA ;BICICLETA;CONDUCTOR;HOMBRE
21/04/2017;VIERNES;COLISION DOBLE;BICICLETA;CONDUCTOR;HOMBRE
21/04/2017;VIERNES;CAIDA BICICLETA ;BICICLETA;CONDUCTOR;HOMBRE
22/04/2017;SABADO;COLISION DOBLE;BICICLETA;CONDUCTOR;HOMBRE
22/04/2017;SABADO;CAIDA BICICLETA ;BICICLETA;CONDUCTOR;HOMBRE
22/04/2017;SABADO;COLISION DOBLE;BICICLETA;CONDUCTOR;HOMBRE
23/04/2017;DOMINGO;COLISION DOBLE;BICICLETA;CONDUCTOR;HOMBRE
23/04/2017;DOMINGO;CAIDA BICICLETA ;BICICLETA;CONDUCTOR;MUJER
23/04/2017;DOMINGO;COLISION DOBLE;BICICLETA;CONDUCTOR;HOMBRE
23/04/2017;DOMINGO;COLISION DOBLE;BICICLETA;CONDUCTOR;NO ASIGNADO
24/04/2017;LUNES;CAIDA BICICLETA ;BICICLETA;CONDUCTOR;HOMBRE
24/04/2017;LUNES;COLISION DOBLE;BICICLETA;CONDUCTOR;MUJER
25/04/2017;MARTES;COLISION DOBLE;BICICLETA;CONDUCTOR;HOMBRE
26/04/2017;MIERCOLES;COLISION DOBLE;BICICLETA;CONDUCTOR;HOMBRE
27/04/2017;JUEVES;COLISION DOBLE;BICICLETA;CONDUCTOR;HOMBRE
28/04/2017;VIERNES;CAIDA BICICLETA ;BICICLETA;CONDUCTOR;HOMBRE
01/05/2017;LUNES;COLISION DOBLE;BICICLETA;CONDUCTOR;HOMBRE
01/05/2017;LUNES;COLISION DOBLE;BICICLETA;CONDUCTOR;MUJER
01/05/2017;LUNES;CAIDA BICICLETA ;BICICLETA;CONDUCTOR;MUJER
02/05/2017;MARTES;CAIDA BICICLETA ;BICICLETA;CONDUCTOR;MUJER
02/05/2017;MARTES;COLISION DOBLE;BICICLETA;CONDUCTOR;HOMBRE
03/05/2017;MIERCOLES;CAIDA BICICLETA ;BICICLETA;CONDUCTOR;HOMBRE
03/05/2017;MIERCOLES;COLISION DOBLE;BICICLETA;CONDUCTOR;HOMBRE
04/05/2017;JUEVES;COLISION DOBLE;BICICLETA;CONDUCTOR;HOMBRE
04/05/2017;JUEVES;COLISION DOBLE;BICICLETA;CONDUCTOR;HOMBRE
04/05/2017;JUEVES;CAIDA BICICLETA ;BICICLETA;CONDUCTOR;HOMBRE
05/05/2017;VIERNES;COLISION DOBLE;BICICLETA;CONDUCTOR;HOMBRE
06/05/2017;SABADO;CAIDA BICICLETA ;BICICLETA;CONDUCTOR;HOMBRE
06/05/2017;SABADO;COLISION DOBLE;BICICLETA;CONDUCTOR;HOMBRE
06/05/2017;SABADO;COLISION DOBLE;BICICLETA;CONDUCTOR;HOMBRE
06/05/2017;SABADO;CAIDA BICICLETA ;BICICLETA;CONDUCTOR;HOMBRE
07/05/2017;DOMINGO;COLISION DOBLE;BICICLETA;CONDUCTOR;HOMBRE
07/05/2017;DOMINGO;COLISION DOBLE;BICICLETA;CONDUCTOR;HOMBRE
07/05/2017;DOMINGO;CAIDA BICICLETA ;BICICLETA;CONDUCTOR;MUJER
07/05/2017;DOMINGO;COLISION DOBLE;BICICLETA;CONDUCTOR;HOMBRE
07/05/2017;DOMINGO;COLISION DOBLE;BICICLETA;CONDUCTOR;HOMBRE
07/05/2017;DOMINGO;COLISION DOBLE;BICICLETA;CONDUCTOR;MUJER
08/05/2017;LUNES;COLISION DOBLE;BICICLETA;CONDUCTOR;HOMBRE
08/05/2017;LUNES;ATROPELLO;BICICLETA;CONDUCTOR;HOMBRE
08/05/2017;LUNES;ATROPELLO;BICICLETA;CONDUCTOR;HOMBRE
08/05/2017;LUNES;COLISION DOBLE;BICICLETA;CONDUCTOR;HOMBRE
09/05/2017;MARTES;COLISION DOBLE;BICICLETA;CONDUCTOR;HOMBRE
09/05/2017;MARTES;CAIDA BICICLETA ;BICICLETA;CONDUCTOR;MUJER
09/05/2017;MARTES;COLISION DOBLE;BICICLETA;CONDUCTOR;HOMBRE
09/05/2017;MARTES;CAIDA BICICLETA ;BICICLETA;CONDUCTOR;MUJER
10/05/2017;MIERCOLES;CAIDA BICICLETA ;BICICLETA;CONDUCTOR;HOMBRE
10/05/2017;MIERCOLES;COLISION DOBLE;BICICLETA;CONDUCTOR;HOMBRE
10/05/2017;MIERCOLES;COLISION DOBLE;BICICLETA;CONDUCTOR;HOMBRE
10/05/2017;MIERCOLES;CAIDA BICICLETA ;BICICLETA;CONDUCTOR;HOMBRE
10/05/2017;MIERCOLES;COLISION DOBLE;BICICLETA;CONDUCTOR;MUJER
10/05/2017;MIERCOLES;COLISION DOBLE;BICICLETA;CONDUCTOR;HOMBRE
11/05/2017;JUEVES;CAIDA BICICLETA ;BICICLETA;CONDUCTOR;HOMBRE
12/05/2017;VIERNES;COLISION DOBLE;BICICLETA;CONDUCTOR;HOMBRE
12/05/2017;VIERNES;COLISION DOBLE;BICICLETA;CONDUCTOR;HOMBRE
12/05/2017;VIERNES;CAIDA BICICLETA ;BICICLETA;CONDUCTOR;HOMBRE
12/05/2017;VIERNES;COLISION DOBLE;BICICLETA;CONDUCTOR;HOMBRE
12/05/2017;VIERNES;CAIDA BICICLETA ;BICICLETA;CONDUCTOR;MUJER
13/05/2017;SABADO;CAIDA BICICLETA ;BICICLETA;CONDUCTOR;HOMBRE
14/05/2017;DOMINGO;CAIDA BICICLETA ;BICICLETA;CONDUCTOR;MUJER
14/05/2017;DOMINGO;CAIDA BICICLETA ;BICICLETA;CONDUCTOR;HOMBRE
14/05/2017;DOMINGO;CAIDA BICICLETA ;BICICLETA;CONDUCTOR;HOMBRE
17/05/2017;MIERCOLES;COLISION DOBLE;BICICLETA;CONDUCTOR;HOMBRE
17/05/2017;MIERCOLES;CAIDA BICICLETA ;BICICLETA;CONDUCTOR;HOMBRE
18/05/2017;JUEVES;CAIDA BICICLETA ;BICICLETA;CONDUCTOR;HOMBRE
18/05/2017;JUEVES;CAIDA BICICLETA ;BICICLETA;CONDUCTOR;MUJER
19/05/2017;VIERNES;COLISION DOBLE;BICICLETA;CONDUCTOR;HOMBRE
19/05/2017;VIERNES;COLISION DOBLE;BICICLETA;CONDUCTOR;HOMBRE
20/05/2017;SABADO;COLISION DOBLE;BICICLETA;CONDUCTOR;HOMBRE
21/05/2017;DOMINGO;CAIDA BICICLETA ;BICICLETA;CONDUCTOR;MUJER
23/05/2017;MARTES;CAIDA BICICLETA ;BICICLETA;CONDUCTOR;HOMBRE
24/05/2017;MIERCOLES;COLISION DOBLE;BICICLETA;CONDUCTOR;HOMBRE
24/05/2017;MIERCOLES;COLISION DOBLE;BICICLETA;CONDUCTOR;MUJER
24/05/2017;MIERCOLES;COLISION DOBLE;BICICLETA;CONDUCTOR;HOMBRE
25/05/2017;JUEVES;COLISION DOBLE;BICICLETA;CONDUCTOR;HOMBRE
25/05/2017;JUEVES;CAIDA BICICLETA ;BICICLETA;CONDUCTOR;HOMBRE
25/05/2017;JUEVES;CAIDA BICICLETA ;BICICLETA;CONDUCTOR;HOMBRE
25/05/2017;JUEVES;CAIDA BICICLETA ;BICICLETA;CONDUCTOR;HOMBRE
25/05/2017;JUEVES;CAIDA BICICLETA ;BICICLETA;CONDUCTOR;HOMBRE
25/05/2017;JUEVES;CAIDA BICICLETA ;BICICLETA;CONDUCTOR;MUJER
26/05/2017;VIERNES;COLISION MULTIPLE ;BICICLETA;CONDUCTOR;HOMBRE
27/05/2017;SABADO;CAIDA BICICLETA ;BICICLETA;CONDUCTOR;MUJER
27/05/2017;SABADO;COLISION DOBLE;BICICLETA;CONDUCTOR;HOMBRE
28/05/2017;DOMINGO;COLISION DOBLE;BICICLETA;CONDUCTOR;HOMBRE
28/05/2017;DOMINGO;COLISION DOBLE;BICICLETA;CONDUCTOR;MUJER
29/05/2017;LUNES;CAIDA BICICLETA ;BICICLETA;CONDUCTOR;HOMBRE
29/05/2017;LUNES;COLISION DOBLE;BICICLETA;CONDUCTOR;HOMBRE
29/05/2017;LUNES;COLISION DOBLE;BICICLETA;CONDUCTOR;HOMBRE
29/05/2017;LUNES;CAIDA BICICLETA ;BICICLETA;CONDUCTOR;HOMBRE
29/05/2017;LUNES;ATROPELLO;BICICLETA;CONDUCTOR;HOMBRE
29/05/2017;LUNES;COLISION DOBLE;BICICLETA;CONDUCTOR;MUJER
29/05/2017;LUNES;CAIDA BICICLETA ;BICICLETA;CONDUCTOR;HOMBRE
29/05/2017;LUNES;COLISION DOBLE;BICICLETA;CONDUCTOR;HOMBRE
30/05/2017;MARTES;CAIDA BICICLETA ;BICICLETA;CONDUCTOR;HOMBRE
30/05/2017;MARTES;CAIDA BICICLETA ;BICICLETA;CONDUCTOR;HOMBRE
30/05/2017;MARTES;CAIDA BICICLETA ;BICICLETA;CONDUCTOR;HOMBRE
31/05/2017;MIERCOLES;COLISION DOBLE;BICICLETA;CONDUCTOR;HOMBRE
31/05/2017;MIERCOLES;COLISION DOBLE;BICICLETA;CONDUCTOR;MUJER
31/05/2017;MIERCOLES;COLISION DOBLE;BICICLETA;CONDUCTOR;HOMBRE
01/06/2017;JUEVES;COLISION DOBLE;BICICLETA;CONDUCTOR;HOMBRE
01/06/2017;JUEVES;COLISION DOBLE;BICICLETA;CONDUCTOR;MUJER
01/06/2017;JUEVES;CAIDA BICICLETA ;BICICLETA;CONDUCTOR;HOMBRE
02/06/2017;VIERNES;COLISION DOBLE;BICICLETA;CONDUCTOR;HOMBRE
02/06/2017;VIERNES;COLISION DOBLE;BICICLETA;CONDUCTOR;HOMBRE
03/06/2017;SABADO;CAIDA BICICLETA ;BICICLETA;CONDUCTOR;MUJER
03/06/2017;SABADO;CAIDA BICICLETA ;BICICLETA;CONDUCTOR;HOMBRE
03/06/2017;SABADO;COLISION DOBLE;BICICLETA;CONDUCTOR;HOMBRE
03/06/2017;SABADO;CAIDA BICICLETA ;BICICLETA;CONDUCTOR;HOMBRE
03/06/2017;SABADO;COLISION DOBLE;BICICLETA;CONDUCTOR;MUJER
03/06/2017;SABADO;ATROPELLO;BICICLETA;CONDUCTOR;HOMBRE
04/06/2017;DOMINGO;COLISION DOBLE;BICICLETA;CONDUCTOR;HOMBRE
04/06/2017;DOMINGO;COLISION DOBLE;BICICLETA;CONDUCTOR;HOMBRE
05/06/2017;LUNES;CAIDA BICICLETA ;BICICLETA;CONDUCTOR;HOMBRE
05/06/2017;LUNES;COLISION DOBLE;BICICLETA;CONDUCTOR;MUJER
06/06/2017;MARTES;COLISION DOBLE;BICICLETA;CONDUCTOR;HOMBRE
06/06/2017;MARTES;COLISION DOBLE;BICICLETA;CONDUCTOR;HOMBRE
06/06/2017;MARTES;COLISION DOBLE;BICICLETA;CONDUCTOR;MUJER
06/06/2017;MARTES;COLISION DOBLE;BICICLETA;CONDUCTOR;HOMBRE
06/06/2017;MARTES;CAIDA BICICLETA ;BICICLETA;CONDUCTOR;HOMBRE
07/06/2017;MIERCOLES;COLISION DOBLE;BICICLETA;CONDUCTOR;HOMBRE
07/06/2017;MIERCOLES;COLISION DOBLE;BICICLETA;CONDUCTOR;HOMBRE
08/06/2017;JUEVES;COLISION DOBLE;BICICLETA;CONDUCTOR;HOMBRE
08/06/2017;JUEVES;COLISION DOBLE;BICICLETA;CONDUCTOR;HOMBRE
08/06/2017;JUEVES;CAIDA BICICLETA ;BICICLETA;CONDUCTOR;HOMBRE
09/06/2017;VIERNES;COLISION DOBLE;BICICLETA;CONDUCTOR;HOMBRE
10/06/2017;SABADO;COLISION DOBLE;BICICLETA;CONDUCTOR;HOMBRE
10/06/2017;SABADO;COLISION DOBLE;BICICLETA;CONDUCTOR;MUJER
11/06/2017;DOMINGO;COLISION DOBLE;BICICLETA;CONDUCTOR;HOMBRE
12/06/2017;LUNES;COLISION DOBLE;BICICLETA;CONDUCTOR;HOMBRE
12/06/2017;LUNES;CAIDA BICICLETA ;BICICLETA;CONDUCTOR;MUJER
13/06/2017;MARTES;COLISION DOBLE;BICICLETA;CONDUCTOR;HOMBRE
13/06/2017;MARTES;COLISION DOBLE;BICICLETA;CONDUCTOR;MUJER
13/06/2017;MARTES;COLISION DOBLE;BICICLETA;CONDUCTOR;HOMBRE
13/06/2017;MARTES;ATROPELLO;BICICLETA;CONDUCTOR;HOMBRE
14/06/2017;MIERCOLES;COLISION DOBLE;BICICLETA;CONDUCTOR;HOMBRE
14/06/2017;MIERCOLES;COLISION DOBLE;BICICLETA;CONDUCTOR;HOMBRE
14/06/2017;MIERCOLES;COLISION DOBLE;BICICLETA;CONDUCTOR;HOMBRE
14/06/2017;MIERCOLES;ATROPELLO;BICICLETA;CONDUCTOR;HOMBRE
14/06/2017;MIERCOLES;COLISION DOBLE;BICICLETA;CONDUCTOR;HOMBRE
15/06/2017;JUEVES;COLISION DOBLE;BICICLETA;CONDUCTOR;HOMBRE
15/06/2017;JUEVES;COLISION DOBLE;BICICLETA;CONDUCTOR;MUJER
15/06/2017;JUEVES;CAIDA BICICLETA ;BICICLETA;CONDUCTOR;HOMBRE
15/06/2017;JUEVES;CAIDA BICICLETA ;BICICLETA;CONDUCTOR;HOMBRE
16/06/2017;VIERNES;COLISION DOBLE;BICICLETA;CONDUCTOR;MUJER
16/06/2017;VIERNES;COLISION DOBLE;BICICLETA;CONDUCTOR;HOMBRE
16/06/2017;VIERNES;COLISION DOBLE;BICICLETA;CONDUCTOR;HOMBRE
16/06/2017;VIERNES;CAIDA BICICLETA ;BICICLETA;CONDUCTOR;HOMBRE
16/06/2017;VIERNES;CAIDA BICICLETA ;BICICLETA;CONDUCTOR;HOMBRE
17/06/2017;SABADO;CAIDA BICICLETA ;BICICLETA;CONDUCTOR;MUJER
17/06/2017;SABADO;COLISION DOBLE;BICICLETA;CONDUCTOR;HOMBRE
17/06/2017;SABADO;COLISION DOBLE;BICICLETA;CONDUCTOR;MUJER
18/06/2017;DOMINGO;CAIDA BICICLETA ;BICICLETA;CONDUCTOR;HOMBRE
18/06/2017;DOMINGO;CAIDA BICICLETA ;BICICLETA;CONDUCTOR;MUJER
19/06/2017;LUNES;COLISION DOBLE;BICICLETA;CONDUCTOR;HOMBRE
19/06/2017;LUNES;CHOQUE CON OBJETO FIJO;BICICLETA;CONDUCTOR;HOMBRE
19/06/2017;LUNES;COLISION DOBLE;BICICLETA;CONDUCTOR;HOMBRE
19/06/2017;LUNES;COLISION DOBLE;BICICLETA;CONDUCTOR;HOMBRE
20/06/2017;MARTES;CAIDA BICICLETA ;BICICLETA;CONDUCTOR;HOMBRE
20/06/2017;MARTES;CAIDA BICICLETA ;BICICLETA;CONDUCTOR;HOMBRE
21/06/2017;MIERCOLES;ATROPELLO;BICICLETA;CONDUCTOR;HOMBRE
21/06/2017;MIERCOLES;COLISION DOBLE;BICICLETA;CONDUCTOR;HOMBRE
21/06/2017;MIERCOLES;COLISION DOBLE;BICICLETA;CONDUCTOR;MUJER
21/06/2017;MIERCOLES;COLISION DOBLE;BICICLETA;CONDUCTOR;HOMBRE
22/06/2017;JUEVES;CAIDA BICICLETA ;BICICLETA;CONDUCTOR;HOMBRE
22/06/2017;JUEVES;CAIDA BICICLETA ;BICICLETA;CONDUCTOR;HOMBRE
22/06/2017;JUEVES;COLISION DOBLE;BICICLETA;CONDUCTOR;HOMBRE
23/06/2017;VIERNES;CAIDA BICICLETA ;BICICLETA;CONDUCTOR;HOMBRE
24/06/2017;SABADO;CAIDA BICICLETA ;BICICLETA;CONDUCTOR;HOMBRE
25/06/2017;DOMINGO;ATROPELLO;BICICLETA;CONDUCTOR;HOMBRE
26/06/2017;LUNES;ATROPELLO;BICICLETA;CONDUCTOR;HOMBRE
26/06/2017;LUNES;CAIDA BICICLETA ;BICICLETA;CONDUCTOR;HOMBRE
26/06/2017;LUNES;COLISION DOBLE;BICICLETA;CONDUCTOR;HOMBRE
26/06/2017;LUNES;CHOQUE CON OBJETO FIJO;BICICLETA;CONDUCTOR;HOMBRE
26/06/2017;LUNES;CHOQUE CON OBJETO FIJO;BICICLETA;VIAJERO;MUJER
26/06/2017;LUNES;COLISION DOBLE;BICICLETA;CONDUCTOR;HOMBRE
27/06/2017;MARTES;CAIDA BICICLETA ;BICICLETA;CONDUCTOR;HOMBRE
28/06/2017;MIERCOLES;COLISION DOBLE;BICICLETA;CONDUCTOR;HOMBRE
28/06/2017;MIERCOLES;COLISION DOBLE;BICICLETA;CONDUCTOR;MUJER
28/06/2017;MIERCOLES;COLISION DOBLE;BICICLETA;CONDUCTOR;HOMBRE
29/06/2017;JUEVES;CAIDA BICICLETA ;BICICLETA;CONDUCTOR;MUJER
30/06/2017;VIERNES;COLISION DOBLE;BICICLETA;CONDUCTOR;HOMBRE
02/07/2017;DOMINGO;CAIDA BICICLETA ;BICICLETA;CONDUCTOR;HOMBRE
02/07/2017;DOMINGO;CAIDA BICICLETA ;BICICLETA;CONDUCTOR;MUJER
02/07/2017;DOMINGO;CHOQUE CON OBJETO FIJO;BICICLETA;CONDUCTOR;HOMBRE
03/07/2017;LUNES;ATROPELLO;BICICLETA;CONDUCTOR;HOMBRE
03/07/2017;LUNES;CAIDA BICICLETA ;BICICLETA;CONDUCTOR;MUJER
04/07/2017;MARTES;CAIDA BICICLETA ;BICICLETA;CONDUCTOR;HOMBRE
04/07/2017;MARTES;CAIDA BICICLETA ;BICICLETA;CONDUCTOR;HOMBRE
04/07/2017;MARTES;COLISION DOBLE;BICICLETA;CONDUCTOR;HOMBRE
04/07/2017;MARTES;COLISION DOBLE;BICICLETA;CONDUCTOR;HOMBRE
05/07/2017;MIERCOLES;COLISION DOBLE;BICICLETA;CONDUCTOR;HOMBRE
05/07/2017;MIERCOLES;COLISION DOBLE;BICICLETA;CONDUCTOR;HOMBRE
05/07/2017;MIERCOLES;COLISION DOBLE;BICICLETA;CONDUCTOR;HOMBRE
05/07/2017;MIERCOLES;COLISION DOBLE;BICICLETA;CONDUCTOR;HOMBRE
05/07/2017;MIERCOLES;COLISION DOBLE;BICICLETA;CONDUCTOR;MUJER
07/07/2017;VIERNES;CAIDA BICICLETA ;BICICLETA;CONDUCTOR;HOMBRE
08/07/2017;SABADO;COLISION DOBLE;BICICLETA;CONDUCTOR;MUJER
08/07/2017;SABADO;CAIDA BICICLETA ;BICICLETA;CONDUCTOR;HOMBRE
08/07/2017;SABADO;COLISION DOBLE;BICICLETA;CONDUCTOR;HOMBRE
09/07/2017;DOMINGO;CAIDA BICICLETA ;BICICLETA;CONDUCTOR;HOMBRE
10/07/2017;LUNES;COLISION DOBLE;BICICLETA;CONDUCTOR;HOMBRE
10/07/2017;LUNES;COLISION DOBLE;BICICLETA;CONDUCTOR;HOMBRE
10/07/2017;LUNES;CAIDA BICICLETA ;BICICLETA;CONDUCTOR;HOMBRE
11/07/2017;MARTES;COLISION DOBLE;BICICLETA;CONDUCTOR;HOMBRE
11/07/2017;MARTES;COLISION DOBLE;BICICLETA;CONDUCTOR;HOMBRE
11/07/2017;MARTES;CAIDA BICICLETA ;BICICLETA;CONDUCTOR;HOMBRE
11/07/2017;MARTES;CAIDA BICICLETA ;BICICLETA;CONDUCTOR;HOMBRE
12/07/2017;MIERCOLES;COLISION DOBLE;BICICLETA;CONDUCTOR;MUJER
12/07/2017;MIERCOLES;COLISION DOBLE;BICICLETA;CONDUCTOR;HOMBRE
13/07/2017;JUEVES;CAIDA BICICLETA ;BICICLETA;CONDUCTOR;HOMBRE
13/07/2017;JUEVES;COLISION DOBLE;BICICLETA;CONDUCTOR;HOMBRE
13/07/2017;JUEVES;CAIDA BICICLETA ;BICICLETA;CONDUCTOR;MUJER
13/07/2017;JUEVES;CAIDA BICICLETA ;BICICLETA;CONDUCTOR;HOMBRE
14/07/2017;VIERNES;COLISION DOBLE;BICICLETA;CONDUCTOR;HOMBRE
14/07/2017;VIERNES;COLISION DOBLE;BICICLETA;CONDUCTOR;HOMBRE
14/07/2017;VIERNES;CAIDA BICICLETA ;BICICLETA;CONDUCTOR;MUJER
14/07/2017;VIERNES;ATROPELLO;BICICLETA;CONDUCTOR;HOMBRE
16/07/2017;DOMINGO;COLISION DOBLE;BICICLETA;CONDUCTOR;HOMBRE
16/07/2017;DOMINGO;CAIDA BICICLETA ;BICICLETA;CONDUCTOR;HOMBRE
16/07/2017;DOMINGO;ATROPELLO;BICICLETA;CONDUCTOR;HOMBRE
17/07/2017;LUNES;ATROPELLO;BICICLETA;CONDUCTOR;HOMBRE
17/07/2017;LUNES;COLISION DOBLE;BICICLETA;CONDUCTOR;MUJER
18/07/2017;MARTES;CAIDA MOTOCICLETA ;BICICLETA;CONDUCTOR;HOMBRE
19/07/2017;MIERCOLES;CAIDA BICICLETA ;BICICLETA;CONDUCTOR;HOMBRE
20/07/2017;JUEVES;COLISION DOBLE;BICICLETA;CONDUCTOR;HOMBRE
21/07/2017;VIERNES;CAIDA BICICLETA ;BICICLETA;CONDUCTOR;HOMBRE
21/07/2017;VIERNES;CAIDA BICICLETA ;BICICLETA;CONDUCTOR;HOMBRE
22/07/2017;SABADO;ATROPELLO;BICICLETA;CONDUCTOR;HOMBRE
22/07/2017;SABADO;ATROPELLO;BICICLETA;CONDUCTOR;MUJER
22/07/2017;SABADO;COLISION DOBLE;BICICLETA;CONDUCTOR;MUJER
22/07/2017;SABADO;CAIDA BICICLETA ;BICICLETA;CONDUCTOR;HOMBRE
23/07/2017;DOMINGO;CAIDA BICICLETA ;BICICLETA;CONDUCTOR;HOMBRE
23/07/2017;DOMINGO;CAIDA BICICLETA ;BICICLETA;CONDUCTOR;HOMBRE
24/07/2017;LUNES;COLISION DOBLE;BICICLETA;CONDUCTOR;HOMBRE
24/07/2017;LUNES;COLISION DOBLE;BICICLETA;CONDUCTOR;HOMBRE
24/07/2017;LUNES;COLISION DOBLE;BICICLETA;CONDUCTOR;HOMBRE
24/07/2017;LUNES;COLISION DOBLE;BICICLETA;CONDUCTOR;HOMBRE
26/07/2017;MIERCOLES;ATROPELLO;BICICLETA;CONDUCTOR;HOMBRE
26/07/2017;MIERCOLES;CAIDA BICICLETA ;BICICLETA;CONDUCTOR;HOMBRE
26/07/2017;MIERCOLES;COLISION DOBLE;BICICLETA;CONDUCTOR;HOMBRE
26/07/2017;MIERCOLES;ATROPELLO;BICICLETA;CONDUCTOR;NO ASIGNADO
27/07/2017;JUEVES;CAIDA BICICLETA ;BICICLETA;CONDUCTOR;HOMBRE
27/07/2017;JUEVES;CAIDA BICICLETA ;BICICLETA;CONDUCTOR;HOMBRE
27/07/2017;JUEVES;CAIDA BICICLETA ;BICICLETA;CONDUCTOR;MUJER
28/07/2017;VIERNES;ATROPELLO;BICICLETA;CONDUCTOR;HOMBRE
29/07/2017;SABADO;COLISION DOBLE;BICICLETA;CONDUCTOR;HOMBRE
29/07/2017;SABADO;COLISION DOBLE;BICICLETA;CONDUCTOR;MUJER
31/07/2017;LUNES;CAIDA BICICLETA ;BICICLETA;CONDUCTOR;MUJER
31/07/2017;LUNES;COLISION DOBLE;BICICLETA;CONDUCTOR;MUJER
31/07/2017;LUNES;ATROPELLO;BICICLETA;CONDUCTOR;HOMBRE
31/07/2017;LUNES;COLISION DOBLE;BICICLETA;CONDUCTOR;HOMBRE
01/08/2017;MARTES;CAIDA BICICLETA ;BICICLETA;CONDUCTOR;HOMBRE
01/08/2017;MARTES;CAIDA BICICLETA ;BICICLETA;CONDUCTOR;HOMBRE
01/08/2017;MARTES;CAIDA BICICLETA ;BICICLETA;CONDUCTOR;HOMBRE
01/08/2017;MARTES;CAIDA BICICLETA ;BICICLETA;CONDUCTOR;HOMBRE
01/08/2017;MARTES;CAIDA MOTOCICLETA ;BICICLETA;CONDUCTOR;HOMBRE
01/08/2017;MARTES;COLISION DOBLE;BICICLETA;CONDUCTOR;HOMBRE
01/08/2017;MARTES;CAIDA BICICLETA ;BICICLETA;CONDUCTOR;HOMBRE
01/08/2017;MARTES;COLISION DOBLE;BICICLETA;CONDUCTOR;HOMBRE
02/08/2017;MIERCOLES;COLISION DOBLE;BICICLETA;CONDUCTOR;HOMBRE
02/08/2017;MIERCOLES;COLISION DOBLE;BICICLETA;CONDUCTOR;HOMBRE
02/08/2017;MIERCOLES;CHOQUE CON OBJETO FIJO;BICICLETA;CONDUCTOR;HOMBRE
04/08/2017;VIERNES;CAIDA BICICLETA ;BICICLETA;CONDUCTOR;HOMBRE
05/08/2017;SABADO;ATROPELLO;BICICLETA;CONDUCTOR;HOMBRE
05/08/2017;SABADO;COLISION DOBLE;BICICLETA;CONDUCTOR;MUJER
08/08/2017;MARTES;COLISION DOBLE;BICICLETA;CONDUCTOR;MUJER
08/08/2017;MARTES;COLISION DOBLE;BICICLETA;CONDUCTOR;HOMBRE
10/08/2017;JUEVES;COLISION DOBLE;BICICLETA;CONDUCTOR;MUJER
10/08/2017;JUEVES;COLISION DOBLE;BICICLETA;CONDUCTOR;HOMBRE
12/08/2017;SABADO;COLISION DOBLE;BICICLETA;CONDUCTOR;MUJER
12/08/2017;SABADO;COLISION DOBLE;BICICLETA;CONDUCTOR;HOMBRE
14/08/2017;LUNES;CAIDA BICICLETA ;BICICLETA;CONDUCTOR;HOMBRE
14/08/2017;LUNES;CAIDA BICICLETA ;BICICLETA;CONDUCTOR;HOMBRE
15/08/2017;MARTES;CAIDA BICICLETA ;BICICLETA;CONDUCTOR;HOMBRE
17/08/2017;JUEVES;COLISION DOBLE;BICICLETA;CONDUCTOR;HOMBRE
18/08/2017;VIERNES;CAIDA BICICLETA ;BICICLETA;CONDUCTOR;MUJER
18/08/2017;VIERNES;ATROPELLO;BICICLETA;CONDUCTOR;HOMBRE
20/08/2017;DOMINGO;COLISION DOBLE;BICICLETA;CONDUCTOR;HOMBRE
20/08/2017;DOMINGO;COLISION DOBLE;BICICLETA;CONDUCTOR;HOMBRE
20/08/2017;DOMINGO;COLISION DOBLE;BICICLETA;CONDUCTOR;HOMBRE
21/08/2017;LUNES;CAIDA BICICLETA ;BICICLETA;CONDUCTOR;HOMBRE
21/08/2017;LUNES;ATROPELLO;BICICLETA;CONDUCTOR;HOMBRE
22/08/2017;MARTES;CAIDA BICICLETA ;BICICLETA;CONDUCTOR;HOMBRE
22/08/2017;MARTES;CAIDA BICICLETA ;BICICLETA;CONDUCTOR;HOMBRE
22/08/2017;MARTES;CAIDA BICICLETA ;BICICLETA;CONDUCTOR;HOMBRE
22/08/2017;MARTES;CAIDA BICICLETA ;BICICLETA;CONDUCTOR;MUJER
23/08/2017;MIERCOLES;CAIDA BICICLETA ;BICICLETA;CONDUCTOR;HOMBRE
24/08/2017;JUEVES;CAIDA BICICLETA ;BICICLETA;CONDUCTOR;MUJER
24/08/2017;JUEVES;COLISION DOBLE;BICICLETA;CONDUCTOR;HOMBRE
24/08/2017;JUEVES;COLISION DOBLE;BICICLETA;CONDUCTOR;HOMBRE
26/08/2017;SABADO;CAIDA BICICLETA ;BICICLETA;CONDUCTOR;HOMBRE
27/08/2017;DOMINGO;CAIDA BICICLETA ;BICICLETA;CONDUCTOR;HOMBRE
28/08/2017;LUNES;COLISION DOBLE;BICICLETA;CONDUCTOR;HOMBRE
29/08/2017;MARTES;ATROPELLO;BICICLETA;CONDUCTOR;HOMBRE
30/08/2017;MIERCOLES;COLISION DOBLE;BICICLETA;CONDUCTOR;MUJER
31/08/2017;JUEVES;COLISION DOBLE;BICICLETA;CONDUCTOR;HOMBRE
31/08/2017;JUEVES;COLISION DOBLE;BICICLETA;CONDUCTOR;HOMBRE
31/08/2017;JUEVES;COLISION DOBLE;BICICLETA;CONDUCTOR;HOMBRE
01/09/2017;VIERNES;CAIDA BICICLETA ;BICICLETA;CONDUCTOR;HOMBRE
01/09/2017;VIERNES;COLISION DOBLE;BICICLETA;CONDUCTOR;HOMBRE
02/09/2017;SABADO;CAIDA BICICLETA ;BICICLETA;CONDUCTOR;HOMBRE
02/09/2017;SABADO;COLISION DOBLE;BICICLETA;CONDUCTOR;HOMBRE
03/09/2017;DOMINGO;CAIDA BICICLETA ;BICICLETA;CONDUCTOR;HOMBRE
04/09/2017;LUNES;COLISION DOBLE;BICICLETA;CONDUCTOR;HOMBRE
04/09/2017;LUNES;CAIDA BICICLETA ;BICICLETA;CONDUCTOR;HOMBRE
04/09/2017;LUNES;COLISION DOBLE;BICICLETA;CONDUCTOR;HOMBRE
04/09/2017;LUNES;COLISION DOBLE;BICICLETA;CONDUCTOR;HOMBRE
05/09/2017;MARTES;COLISION DOBLE;BICICLETA;CONDUCTOR;HOMBRE
05/09/2017;MARTES;COLISION DOBLE;BICICLETA;CONDUCTOR;HOMBRE
05/09/2017;MARTES;CAIDA BICICLETA ;BICICLETA;CONDUCTOR;HOMBRE
05/09/2017;MARTES;COLISION DOBLE;BICICLETA;CONDUCTOR;HOMBRE
05/09/2017;MARTES;COLISION DOBLE;BICICLETA;CONDUCTOR;MUJER
05/09/2017;MARTES;CAIDA BICICLETA ;BICICLETA;CONDUCTOR;HOMBRE
07/09/2017;JUEVES;CAIDA BICICLETA ;BICICLETA;CONDUCTOR;MUJER
07/09/2017;JUEVES;COLISION DOBLE;BICICLETA;CONDUCTOR;MUJER
07/09/2017;JUEVES;ATROPELLO;BICICLETA;CONDUCTOR;HOMBRE
08/09/2017;VIERNES;COLISION DOBLE;BICICLETA;CONDUCTOR;HOMBRE
09/09/2017;SABADO;COLISION DOBLE;BICICLETA;CONDUCTOR;MUJER
09/09/2017;SABADO;CAIDA BICICLETA ;BICICLETA;CONDUCTOR;HOMBRE
10/09/2017;DOMINGO;COLISION DOBLE;BICICLETA;CONDUCTOR;HOMBRE
11/09/2017;LUNES;COLISION DOBLE;BICICLETA;CONDUCTOR;HOMBRE
12/09/2017;MARTES;CAIDA BICICLETA ;BICICLETA;CONDUCTOR;HOMBRE
12/09/2017;MARTES;COLISION DOBLE;BICICLETA;CONDUCTOR;HOMBRE
12/09/2017;MARTES;CAIDA BICICLETA ;BICICLETA;CONDUCTOR;HOMBRE
13/09/2017;MIERCOLES;CAIDA BICICLETA ;BICICLETA;CONDUCTOR;MUJER
13/09/2017;MIERCOLES;CAIDA BICICLETA ;BICICLETA;CONDUCTOR;HOMBRE
15/09/2017;VIERNES;CAIDA BICICLETA ;BICICLETA;CONDUCTOR;MUJER
15/09/2017;VIERNES;COLISION DOBLE;BICICLETA;CONDUCTOR;HOMBRE
16/09/2017;SABADO;CAIDA BICICLETA ;BICICLETA;CONDUCTOR;HOMBRE
16/09/2017;SABADO;CAIDA BICICLETA ;BICICLETA;CONDUCTOR;MUJER
17/09/2017;DOMINGO;CAIDA BICICLETA ;BICICLETA;CONDUCTOR;HOMBRE
17/09/2017;DOMINGO;CAIDA BICICLETA ;BICICLETA;CONDUCTOR;HOMBRE
17/09/2017;DOMINGO;COLISION DOBLE;BICICLETA;CONDUCTOR;HOMBRE
17/09/2017;DOMINGO;COLISION DOBLE;BICICLETA;CONDUCTOR;HOMBRE
17/09/2017;DOMINGO;COLISION DOBLE;BICICLETA;CONDUCTOR;HOMBRE
17/09/2017;DOMINGO;COLISION DOBLE;BICICLETA;CONDUCTOR;MUJER
18/09/2017;LUNES;CAIDA BICICLETA ;BICICLETA;CONDUCTOR;HOMBRE
18/09/2017;LUNES;COLISION DOBLE;BICICLETA;CONDUCTOR;MUJER
18/09/2017;LUNES;COLISION DOBLE;BICICLETA;CONDUCTOR;HOMBRE
18/09/2017;LUNES;CAIDA BICICLETA ;BICICLETA;CONDUCTOR;HOMBRE
19/09/2017;MARTES;CAIDA BICICLETA ;BICICLETA;CONDUCTOR;HOMBRE
20/09/2017;MIERCOLES;CAIDA BICICLETA ;BICICLETA;CONDUCTOR;HOMBRE
20/09/2017;MIERCOLES;COLISION DOBLE;BICICLETA;CONDUCTOR;MUJER
20/09/2017;MIERCOLES;CAIDA BICICLETA ;BICICLETA;CONDUCTOR;HOMBRE
21/09/2017;JUEVES;COLISION DOBLE;BICICLETA;CONDUCTOR;HOMBRE
21/09/2017;JUEVES;COLISION DOBLE;BICICLETA;CONDUCTOR;HOMBRE
21/09/2017;JUEVES;ATROPELLO;BICICLETA;CONDUCTOR;HOMBRE
21/09/2017;JUEVES;CAIDA BICICLETA ;BICICLETA;CONDUCTOR;HOMBRE
21/09/2017;JUEVES;CAIDA BICICLETA ;BICICLETA;CONDUCTOR;HOMBRE
22/09/2017;VIERNES;CAIDA BICICLETA ;BICICLETA;CONDUCTOR;MUJER
22/09/2017;VIERNES;COLISION DOBLE;BICICLETA;CONDUCTOR;HOMBRE
22/09/2017;VIERNES;CAIDA BICICLETA ;BICICLETA;CONDUCTOR;HOMBRE
22/09/2017;VIERNES;ATROPELLO;BICICLETA;CONDUCTOR;MUJER
23/09/2017;SABADO;CAIDA BICICLETA ;BICICLETA;CONDUCTOR;HOMBRE
23/09/2017;SABADO;COLISION DOBLE;BICICLETA;CONDUCTOR;HOMBRE
23/09/2017;SABADO;COLISION DOBLE;BICICLETA;CONDUCTOR;HOMBRE
23/09/2017;SABADO;COLISION DOBLE;BICICLETA;CONDUCTOR;HOMBRE
23/09/2017;SABADO;COLISION DOBLE;BICICLETA;CONDUCTOR;MUJER
23/09/2017;SABADO;ATROPELLO;BICICLETA;CONDUCTOR;HOMBRE
23/09/2017;SABADO;CAIDA BICICLETA ;BICICLETA;CONDUCTOR;HOMBRE
24/09/2017;DOMINGO;CAIDA BICICLETA ;BICICLETA;CONDUCTOR;HOMBRE
24/09/2017;DOMINGO;CAIDA BICICLETA ;BICICLETA;CONDUCTOR;HOMBRE
24/09/2017;DOMINGO;COLISION DOBLE;BICICLETA;CONDUCTOR;HOMBRE
24/09/2017;DOMINGO;COLISION DOBLE;BICICLETA;CONDUCTOR;HOMBRE
24/09/2017;DOMINGO;COLISION DOBLE;BICICLETA;CONDUCTOR;HOMBRE
24/09/2017;DOMINGO;CAIDA BICICLETA ;BICICLETA;CONDUCTOR;HOMBRE
26/09/2017;MARTES;COLISION DOBLE;BICICLETA;CONDUCTOR;HOMBRE
26/09/2017;MARTES;COLISION DOBLE;BICICLETA;CONDUCTOR;HOMBRE
27/09/2017;MIERCOLES;CAIDA BICICLETA ;BICICLETA;CONDUCTOR;HOMBRE
27/09/2017;MIERCOLES;ATROPELLO;BICICLETA;CONDUCTOR;HOMBRE
27/09/2017;MIERCOLES;COLISION DOBLE;BICICLETA;CONDUCTOR;HOMBRE
28/09/2017;JUEVES;COLISION DOBLE;BICICLETA;CONDUCTOR;HOMBRE
28/09/2017;JUEVES;ATROPELLO;BICICLETA;CONDUCTOR;NO ASIGNADO
28/09/2017;JUEVES;CAIDA BICICLETA ;BICICLETA;CONDUCTOR;HOMBRE
29/09/2017;VIERNES;CAIDA BICICLETA ;BICICLETA;CONDUCTOR;MUJER
29/09/2017;VIERNES;CAIDA BICICLETA ;BICICLETA;CONDUCTOR;HOMBRE
29/09/2017;VIERNES;COLISION DOBLE;BICICLETA;CONDUCTOR;HOMBRE
29/09/2017;VIERNES;COLISION MULTIPLE ;BICICLETA;CONDUCTOR;HOMBRE
29/09/2017;VIERNES;COLISION DOBLE;BICICLETA;CONDUCTOR;HOMBRE
29/09/2017;VIERNES;CAIDA BICICLETA ;BICICLETA;CONDUCTOR;MUJER
29/09/2017;VIERNES;COLISION DOBLE;BICICLETA;CONDUCTOR;HOMBRE
30/09/2017;SABADO;CAIDA BICICLETA ;BICICLETA;CONDUCTOR;HOMBRE
30/09/2017;SABADO;COLISION DOBLE;BICICLETA;CONDUCTOR;HOMBRE
01/10/2017;DOMINGO;COLISION DOBLE;BICICLETA;CONDUCTOR;HOMBRE
01/10/2017;DOMINGO;CAIDA BICICLETA ;BICICLETA;CONDUCTOR;HOMBRE
01/10/2017;DOMINGO;ATROPELLO;BICICLETA;CONDUCTOR;HOMBRE
01/10/2017;DOMINGO;COLISION DOBLE;BICICLETA;CONDUCTOR;HOMBRE
01/10/2017;DOMINGO;COLISION DOBLE;BICICLETA;CONDUCTOR;HOMBRE
02/10/2017;LUNES;CAIDA BICICLETA ;BICICLETA;CONDUCTOR;HOMBRE
02/10/2017;LUNES;COLISION DOBLE;BICICLETA;CONDUCTOR;HOMBRE
02/10/2017;LUNES;CHOQUE CON OBJETO FIJO;BICICLETA;CONDUCTOR;HOMBRE
02/10/2017;LUNES;CAIDA BICICLETA ;BICICLETA;CONDUCTOR;HOMBRE
03/10/2017;MARTES;CAIDA BICICLETA ;BICICLETA;CONDUCTOR;HOMBRE
03/10/2017;MARTES;COLISION DOBLE;BICICLETA;CONDUCTOR;MUJER
03/10/2017;MARTES;COLISION DOBLE;BICICLETA;CONDUCTOR;HOMBRE
04/10/2017;MIERCOLES;COLISION DOBLE;BICICLETA;CONDUCTOR;HOMBRE
05/10/2017;JUEVES;CAIDA BICICLETA ;BICICLETA;CONDUCTOR;HOMBRE
05/10/2017;JUEVES;COLISION DOBLE;BICICLETA;CONDUCTOR;HOMBRE
05/10/2017;JUEVES;CAIDA BICICLETA ;BICICLETA;CONDUCTOR;HOMBRE
06/10/2017;VIERNES;CAIDA BICICLETA ;BICICLETA;CONDUCTOR;MUJER
06/10/2017;VIERNES;COLISION DOBLE;BICICLETA;CONDUCTOR;HOMBRE
07/10/2017;SABADO;CAIDA BICICLETA ;BICICLETA;CONDUCTOR;MUJER
07/10/2017;SABADO;COLISION DOBLE;BICICLETA;CONDUCTOR;MUJER
07/10/2017;SABADO;ATROPELLO;BICICLETA;CONDUCTOR;HOMBRE
08/10/2017;DOMINGO;CAIDA BICICLETA ;BICICLETA;CONDUCTOR;HOMBRE
08/10/2017;DOMINGO;ATROPELLO;BICICLETA;CONDUCTOR;HOMBRE
09/10/2017;LUNES;COLISION DOBLE;BICICLETA;CONDUCTOR;HOMBRE
10/10/2017;MARTES;CAIDA BICICLETA ;BICICLETA;CONDUCTOR;MUJER
10/10/2017;MARTES;CAIDA BICICLETA ;BICICLETA;CONDUCTOR;HOMBRE
10/10/2017;MARTES;COLISION DOBLE;BICICLETA;CONDUCTOR;HOMBRE
11/10/2017;MIERCOLES;COLISION MULTIPLE ;BICICLETA;CONDUCTOR;HOMBRE
11/10/2017;MIERCOLES;COLISION DOBLE;BICICLETA;CONDUCTOR;MUJER
11/10/2017;MIERCOLES;COLISION DOBLE;BICICLETA;CONDUCTOR;HOMBRE
12/10/2017;JUEVES;ATROPELLO;BICICLETA;CONDUCTOR;HOMBRE
12/10/2017;JUEVES;COLISION DOBLE;BICICLETA;CONDUCTOR;HOMBRE
12/10/2017;JUEVES;CAIDA BICICLETA ;BICICLETA;CONDUCTOR;MUJER
12/10/2017;JUEVES;COLISION DOBLE;BICICLETA;CONDUCTOR;HOMBRE
14/10/2017;SABADO;COLISION DOBLE;BICICLETA;CONDUCTOR;HOMBRE
14/10/2017;SABADO;COLISION DOBLE;BICICLETA;CONDUCTOR;HOMBRE
15/10/2017;DOMINGO;CAIDA BICICLETA ;BICICLETA;CONDUCTOR;HOMBRE
15/10/2017;DOMINGO;COLISION DOBLE;BICICLETA;CONDUCTOR;HOMBRE
15/10/2017;DOMINGO;COLISION DOBLE;BICICLETA;CONDUCTOR;HOMBRE
16/10/2017;LUNES;CAIDA BICICLETA ;BICICLETA;CONDUCTOR;HOMBRE
16/10/2017;LUNES;CAIDA BICICLETA ;BICICLETA;CONDUCTOR;HOMBRE
16/10/2017;LUNES;COLISION DOBLE;BICICLETA;CONDUCTOR;HOMBRE
17/10/2017;MARTES;CAIDA BICICLETA ;BICICLETA;CONDUCTOR;HOMBRE
17/10/2017;MARTES;COLISION DOBLE;BICICLETA;CONDUCTOR;MUJER
19/10/2017;JUEVES;COLISION DOBLE;BICICLETA;CONDUCTOR;HOMBRE
19/10/2017;JUEVES;COLISION DOBLE;BICICLETA;CONDUCTOR;HOMBRE
19/10/2017;JUEVES;COLISION DOBLE;BICICLETA;CONDUCTOR;HOMBRE
20/10/2017;VIERNES;COLISION DOBLE;BICICLETA;CONDUCTOR;HOMBRE
20/10/2017;VIERNES;CAIDA BICICLETA ;BICICLETA;CONDUCTOR;MUJER
21/10/2017;SABADO;CAIDA BICICLETA ;BICICLETA;CONDUCTOR;HOMBRE
21/10/2017;SABADO;ATROPELLO;BICICLETA;CONDUCTOR;HOMBRE
21/10/2017;SABADO;COLISION DOBLE;BICICLETA;CONDUCTOR;HOMBRE
21/10/2017;SABADO;COLISION DOBLE;BICICLETA;CONDUCTOR;HOMBRE
22/10/2017;DOMINGO;COLISION DOBLE;BICICLETA;CONDUCTOR;HOMBRE
23/10/2017;LUNES;COLISION DOBLE;BICICLETA;CONDUCTOR;HOMBRE
23/10/2017;LUNES;COLISION DOBLE;BICICLETA;CONDUCTOR;MUJER
23/10/2017;LUNES;COLISION DOBLE;BICICLETA;CONDUCTOR;HOMBRE
23/10/2017;LUNES;CHOQUE CON OBJETO FIJO;BICICLETA;CONDUCTOR;HOMBRE
24/10/2017;MARTES;COLISION DOBLE;BICICLETA;CONDUCTOR;HOMBRE
24/10/2017;MARTES;CAIDA BICICLETA ;BICICLETA;CONDUCTOR;HOMBRE
24/10/2017;MARTES;CAIDA BICICLETA ;BICICLETA;CONDUCTOR;HOMBRE
25/10/2017;MIERCOLES;COLISION DOBLE;BICICLETA;CONDUCTOR;HOMBRE
25/10/2017;MIERCOLES;COLISION DOBLE;BICICLETA;CONDUCTOR;HOMBRE
25/10/2017;MIERCOLES;CAIDA BICICLETA ;BICICLETA;CONDUCTOR;MUJER
25/10/2017;MIERCOLES;CAIDA BICICLETA ;BICICLETA;CONDUCTOR;HOMBRE
25/10/2017;MIERCOLES;COLISION DOBLE;BICICLETA;CONDUCTOR;MUJER
25/10/2017;MIERCOLES;CAIDA BICICLETA ;BICICLETA;CONDUCTOR;HOMBRE
26/10/2017;JUEVES;COLISION DOBLE;BICICLETA;CONDUCTOR;HOMBRE
26/10/2017;JUEVES;ATROPELLO;BICICLETA;CONDUCTOR;HOMBRE
27/10/2017;VIERNES;COLISION DOBLE;BICICLETA;CONDUCTOR;HOMBRE
27/10/2017;VIERNES;CAIDA BICICLETA ;BICICLETA;CONDUCTOR;MUJER
27/10/2017;VIERNES;COLISION DOBLE;BICICLETA;CONDUCTOR;HOMBRE
27/10/2017;VIERNES;COLISION DOBLE;BICICLETA;CONDUCTOR;HOMBRE
27/10/2017;VIERNES;COLISION DOBLE;BICICLETA;CONDUCTOR;HOMBRE
28/10/2017;SABADO;COLISION DOBLE;BICICLETA;CONDUCTOR;MUJER
28/10/2017;SABADO;COLISION DOBLE;BICICLETA;CONDUCTOR;HOMBRE
28/10/2017;SABADO;CAIDA BICICLETA ;BICICLETA;CONDUCTOR;MUJER
29/10/2017;DOMINGO;COLISION DOBLE;BICICLETA;CONDUCTOR;HOMBRE
29/10/2017;DOMINGO;CAIDA BICICLETA ;BICICLETA;CONDUCTOR;MUJER
29/10/2017;DOMINGO;CAIDA BICICLETA ;BICICLETA;CONDUCTOR;HOMBRE
29/10/2017;DOMINGO;CAIDA BICICLETA ;BICICLETA;CONDUCTOR;HOMBRE
29/10/2017;DOMINGO;ATROPELLO;BICICLETA;CONDUCTOR;HOMBRE
29/10/2017;DOMINGO;CAIDA BICICLETA ;BICICLETA;CONDUCTOR;HOMBRE
29/10/2017;DOMINGO;COLISION DOBLE;BICICLETA;CONDUCTOR;HOMBRE
30/10/2017;LUNES;CAIDA BICICLETA ;BICICLETA;CONDUCTOR;MUJER
30/10/2017;LUNES;CAIDA BICICLETA ;BICICLETA;CONDUCTOR;HOMBRE
31/10/2017;MARTES;CAIDA BICICLETA ;BICICLETA;CONDUCTOR;HOMBRE
31/10/2017;MARTES;ATROPELLO;BICICLETA;CONDUCTOR;NO ASIGNADO
01/11/2017;MIERCOLES;CAIDA BICICLETA ;BICICLETA;CONDUCTOR;MUJER
01/11/2017;MIERCOLES;CAIDA BICICLETA ;BICICLETA;CONDUCTOR;MUJER
01/11/2017;MIERCOLES;CAIDA BICICLETA ;BICICLETA;CONDUCTOR;HOMBRE
02/11/2017;JUEVES;CAIDA BICICLETA ;BICICLETA;CONDUCTOR;HOMBRE
02/11/2017;JUEVES;COLISION DOBLE;BICICLETA;CONDUCTOR;HOMBRE
02/11/2017;JUEVES;COLISION DOBLE;BICICLETA;CONDUCTOR;HOMBRE
04/11/2017;SABADO;COLISION DOBLE;BICICLETA;CONDUCTOR;HOMBRE
04/11/2017;SABADO;COLISION DOBLE;BICICLETA;CONDUCTOR;HOMBRE
06/11/2017;LUNES;COLISION DOBLE;BICICLETA;CONDUCTOR;HOMBRE
06/11/2017;LUNES;CAIDA BICICLETA ;BICICLETA;CONDUCTOR;HOMBRE
06/11/2017;LUNES;COLISION DOBLE;BICICLETA;CONDUCTOR;HOMBRE
07/11/2017;MARTES;CAIDA BICICLETA ;BICICLETA;CONDUCTOR;HOMBRE
07/11/2017;MARTES;COLISION DOBLE;BICICLETA;CONDUCTOR;HOMBRE
08/11/2017;MIERCOLES;COLISION DOBLE;BICICLETA;CONDUCTOR;HOMBRE
08/11/2017;MIERCOLES;CAIDA BICICLETA ;BICICLETA;CONDUCTOR;HOMBRE
08/11/2017;MIERCOLES;CAIDA BICICLETA ;BICICLETA;CONDUCTOR;HOMBRE
08/11/2017;MIERCOLES;COLISION DOBLE;BICICLETA;CONDUCTOR;HOMBRE
08/11/2017;MIERCOLES;CAIDA BICICLETA ;BICICLETA;CONDUCTOR;HOMBRE
08/11/2017;MIERCOLES;COLISION DOBLE;BICICLETA;CONDUCTOR;HOMBRE
09/11/2017;JUEVES;COLISION DOBLE;BICICLETA;CONDUCTOR;HOMBRE
10/11/2017;VIERNES;COLISION DOBLE;BICICLETA;CONDUCTOR;HOMBRE
10/11/2017;VIERNES;COLISION DOBLE;BICICLETA;CONDUCTOR;HOMBRE
10/11/2017;VIERNES;COLISION DOBLE;BICICLETA;CONDUCTOR;MUJER
10/11/2017;VIERNES;ATROPELLO;BICICLETA;CONDUCTOR;HOMBRE
11/11/2017;SABADO;ATROPELLO;BICICLETA;CONDUCTOR;HOMBRE
12/11/2017;DOMINGO;COLISION DOBLE;BICICLETA;CONDUCTOR;MUJER
12/11/2017;DOMINGO;CAIDA BICICLETA ;BICICLETA;CONDUCTOR;HOMBRE
13/11/2017;LUNES;COLISION DOBLE;BICICLETA;CONDUCTOR;HOMBRE
14/11/2017;MARTES;COLISION DOBLE;BICICLETA;CONDUCTOR;HOMBRE
16/11/2017;JUEVES;ATROPELLO;BICICLETA;CONDUCTOR;HOMBRE
17/11/2017;VIERNES;CAIDA BICICLETA ;BICICLETA;CONDUCTOR;MUJER
17/11/2017;VIERNES;COLISION DOBLE;BICICLETA;CONDUCTOR;MUJER
18/11/2017;SABADO;CHOQUE CON OBJETO FIJO;BICICLETA;CONDUCTOR;HOMBRE
18/11/2017;SABADO;ATROPELLO;BICICLETA;CONDUCTOR;HOMBRE
18/11/2017;SABADO;COLISION DOBLE;BICICLETA;CONDUCTOR;HOMBRE
18/11/2017;SABADO;CAIDA BICICLETA ;BICICLETA;CONDUCTOR;HOMBRE
19/11/2017;DOMINGO;COLISION DOBLE;BICICLETA;CONDUCTOR;HOMBRE
19/11/2017;DOMINGO;COLISION DOBLE;BICICLETA;CONDUCTOR;HOMBRE
21/11/2017;MARTES;COLISION DOBLE;BICICLETA;CONDUCTOR;HOMBRE
21/11/2017;MARTES;CAIDA BICICLETA ;BICICLETA;CONDUCTOR;MUJER
21/11/2017;MARTES;ATROPELLO;BICICLETA;CONDUCTOR;HOMBRE
22/11/2017;MIERCOLES;CAIDA BICICLETA ;BICICLETA;CONDUCTOR;MUJER
23/11/2017;JUEVES;CAIDA BICICLETA ;BICICLETA;CONDUCTOR;HOMBRE
23/11/2017;JUEVES;CAIDA BICICLETA ;BICICLETA;CONDUCTOR;HOMBRE
23/11/2017;JUEVES;CAIDA BICICLETA ;BICICLETA;CONDUCTOR;MUJER
24/11/2017;VIERNES;CAIDA BICICLETA ;BICICLETA;CONDUCTOR;HOMBRE
24/11/2017;VIERNES;COLISION DOBLE;BICICLETA;CONDUCTOR;HOMBRE
26/11/2017;DOMINGO;CAIDA BICICLETA ;BICICLETA;CONDUCTOR;HOMBRE
26/11/2017;DOMINGO;COLISION DOBLE;BICICLETA;CONDUCTOR;HOMBRE
27/11/2017;LUNES;COLISION DOBLE;BICICLETA;CONDUCTOR;HOMBRE
28/11/2017;MARTES;CAIDA BICICLETA ;BICICLETA;CONDUCTOR;HOMBRE
29/11/2017;MIERCOLES;COLISION DOBLE;BICICLETA;CONDUCTOR;HOMBRE
29/11/2017;MIERCOLES;COLISION DOBLE;BICICLETA;CONDUCTOR;HOMBRE
29/11/2017;MIERCOLES;COLISION DOBLE;BICICLETA;CONDUCTOR;HOMBRE
29/11/2017;MIERCOLES;ATROPELLO;BICICLETA;CONDUCTOR;HOMBRE
29/11/2017;MIERCOLES;ATROPELLO;BICICLETA;CONDUCTOR;HOMBRE
29/11/2017;MIERCOLES;COLISION DOBLE;BICICLETA;CONDUCTOR;HOMBRE
29/11/2017;MIERCOLES;COLISION DOBLE;BICICLETA;CONDUCTOR;NO ASIGNADO
30/11/2017;JUEVES;CAIDA BICICLETA ;BICICLETA;CONDUCTOR;HOMBRE
01/12/2017;VIERNES;COLISION DOBLE;BICICLETA;CONDUCTOR;HOMBRE
01/12/2017;VIERNES;COLISION DOBLE;BICICLETA;CONDUCTOR;HOMBRE
02/12/2017;SABADO;COLISION DOBLE;BICICLETA;CONDUCTOR;HOMBRE
03/12/2017;DOMINGO;ATROPELLO;BICICLETA;CONDUCTOR;NO ASIGNADO
05/12/2017;MARTES;CAIDA BICICLETA ;BICICLETA;CONDUCTOR;HOMBRE
07/12/2017;JUEVES;CAIDA BICICLETA ;BICICLETA;CONDUCTOR;HOMBRE
08/12/2017;VIERNES;COLISION DOBLE;BICICLETA;CONDUCTOR;HOMBRE
10/12/2017;DOMINGO;ATROPELLO;BICICLETA;CONDUCTOR;HOMBRE
10/12/2017;DOMINGO;COLISION DOBLE;BICICLETA;CONDUCTOR;HOMBRE
12/12/2017;MARTES;COLISION DOBLE;BICICLETA;CONDUCTOR;HOMBRE
13/12/2017;MIERCOLES;COLISION DOBLE;BICICLETA;CONDUCTOR;HOMBRE
14/12/2017;JUEVES;CAIDA BICICLETA ;BICICLETA;CONDUCTOR;HOMBRE
14/12/2017;JUEVES;CAIDA BICICLETA ;BICICLETA;CONDUCTOR;HOMBRE
14/12/2017;JUEVES;CAIDA BICICLETA ;BICICLETA;CONDUCTOR;HOMBRE
14/12/2017;JUEVES;CAIDA BICICLETA ;BICICLETA;CONDUCTOR;HOMBRE
14/12/2017;JUEVES;ATROPELLO;BICICLETA;CONDUCTOR;NO ASIGNADO
15/12/2017;VIERNES;CAIDA BICICLETA ;BICICLETA;CONDUCTOR;HOMBRE
17/12/2017;DOMINGO;CAIDA BICICLETA ;BICICLETA;CONDUCTOR;HOMBRE
18/12/2017;LUNES;ATROPELLO;BICICLETA;CONDUCTOR;HOMBRE
19/12/2017;MARTES;CAIDA BICICLETA ;BICICLETA;CONDUCTOR;HOMBRE
19/12/2017;MARTES;ATROPELLO;BICICLETA;CONDUCTOR;NO ASIGNADO
20/12/2017;MIERCOLES;COLISION DOBLE;BICICLETA;CONDUCTOR;HOMBRE
20/12/2017;MIERCOLES;CAIDA BICICLETA ;BICICLETA;CONDUCTOR;HOMBRE
20/12/2017;MIERCOLES;COLISION DOBLE;BICICLETA;CONDUCTOR;MUJER
21/12/2017;JUEVES;COLISION DOBLE;BICICLETA;CONDUCTOR;HOMBRE
21/12/2017;JUEVES;COLISION DOBLE;BICICLETA;CONDUCTOR;HOMBRE
21/12/2017;JUEVES;CAIDA BICICLETA ;BICICLETA;CONDUCTOR;HOMBRE
23/12/2017;SABADO;COLISION DOBLE;BICICLETA;CONDUCTOR;HOMBRE
23/12/2017;SABADO;COLISION DOBLE;BICICLETA;CONDUCTOR;HOMBRE
23/12/2017;SABADO;CAIDA BICICLETA ;BICICLETA;CONDUCTOR;HOMBRE
26/12/2017;MARTES;COLISION DOBLE;BICICLETA;CONDUCTOR;HOMBRE
27/12/2017;MIERCOLES;CAIDA BICICLETA ;BICICLETA;CONDUCTOR;HOMBRE
29/12/2017;VIERNES;COLISION DOBLE;BICICLETA;CONDUCTOR;HOMBRE
30/12/2017;SABADO;CAIDA BICICLETA ;BICICLETA;CONDUCTOR;HOMBRE
31/12/2017;DOMINGO;COLISION MULTIPLE ;BICICLETA;CONDUCTOR;HOMBRE
